InvoiceNo,InvoiceDate,CustomerID,Country,Description,Quantity,UnitPrice,TotalAmount
INV-00522,1/22/2024 17:00,25954,United Kingdom,Wall Clock,12,58.87,706.44
INV-00738,1/31/2024 17:00,51766,USA,Cotton Towel,19,96.61,1835.59
INV-00741,1/31/2024 20:00,58006,France,Wooden Frame,3,79.23,237.69
INV-00661,1/28/2024 12:00,53584,USA,Glass Vase,5,46.9,234.5
INV-00412,1/18/2024 3:00,55355,Canada,Ceramic Mug,19,38.46,730.74
INV-00679,1/29/2024 6:00,74207,United Kingdom,Table Lamp,8,65.7,525.6
INV-00627,1/27/2024 2:00,29443,Netherlands,Notebook,3,97.81,293.43
INV-00514,1/22/2024 9:00,70538,Netherlands,Cotton Towel,3,59.43,178.29
INV-00860,2/5/2024 19:00,20473,United Kingdom,Travel Bag,17,98.6,1676.2
INV-00137,1/6/2024 16:00,85431,Australia,Glass Vase,6,41.54,249.24
INV-00812,2/3/2024 19:00,12586,Netherlands,Table Lamp,12,45.57,546.84
INV-00077,1/4/2024 4:00,58068,France,Wall Clock,14,77.11,1079.54
INV-00637,1/27/2024 12:00,76519,Netherlands,Flower Pot,10,13.68,136.8
INV-00974,2/10/2024 13:00,72567,France,Candle Holder,13,84.36,1096.68
INV-00939,2/9/2024 2:00,80121,Canada,Notebook,17,40.64,690.88
INV-00900,2/7/2024 11:00,39562,Canada,Travel Bag,6,18.89,113.34
INV-00281,1/12/2024 16:00,83534,Netherlands,Cotton Towel,17,11.78,200.26
INV-00884,2/6/2024 19:00,31833,Canada,Wooden Frame,5,68.44,342.2
INV-00762,2/1/2024 17:00,23481,Spain,Table Lamp,19,78.67,1494.73
INV-00320,1/14/2024 7:00,81520,Germany,Cotton Towel,12,44.38,532.56
INV-00550,1/23/2024 21:00,35656,Germany,Wooden Frame,1,8.68,8.68
INV-00175,1/8/2024 6:00,67943,United Kingdom,Travel Bag,20,77.8,1556
INV-00372,1/16/2024 11:00,65773,Netherlands,Table Lamp,6,29.03,174.18
INV-00528,1/22/2024 23:00,24524,France,Travel Bag,8,21.6,172.8
INV-00211,1/9/2024 18:00,12181,Netherlands,Table Lamp,20,61.63,1232.6
INV-00236,1/10/2024 19:00,11725,Netherlands,Table Lamp,4,67.13,268.52
INV-00102,1/5/2024 5:00,56324,Netherlands,Table Lamp,13,84.53,1098.89
INV-00987,2/11/2024 2:00,14459,Australia,Candle Holder,12,20.1,241.2
INV-00903,2/7/2024 14:00,97786,Spain,Wall Clock,1,2.7,2.7
INV-00948,2/9/2024 11:00,73327,France,Ceramic Mug,15,88.6,1329
INV-00347,1/15/2024 10:00,72039,USA,Glass Vase,18,77.37,1392.66
INV-00140,1/6/2024 19:00,69635,USA,Glass Vase,11,5.39,59.29
INV-00622,1/26/2024 21:00,50221,USA,Table Lamp,9,54.51,490.59
INV-00500,1/21/2024 19:00,81105,Germany,Table Lamp,13,95.51,1241.63
INV-00371,1/16/2024 10:00,58498,Spain,Ceramic Mug,1,9,9
INV-00199,1/9/2024 6:00,61240,France,Notebook,11,77.67,854.37
INV-00688,1/29/2024 15:00,20600,United Kingdom,Cotton Towel,1,17.93,17.93
INV-00585,1/25/2024 8:00,78856,United Kingdom,Candle Holder,18,71.11,1279.98
INV-00902,2/7/2024 13:00,77853,United Kingdom,Cotton Towel,7,37.25,260.75
INV-00060,1/3/2024 11:00,46805,USA,Notebook,16,47.53,760.48
INV-00329,1/14/2024 16:00,12605,Canada,Wall Clock,1,70.92,70.92
INV-00097,1/5/2024 0:00,62182,Netherlands,Wooden Frame,10,72.01,720.1
INV-00313,1/14/2024 0:00,59190,United Kingdom,Wooden Frame,16,74.27,1188.32
INV-00975,2/10/2024 14:00,72667,USA,Notebook,7,56.24,393.68
INV-00300,1/13/2024 11:00,24279,Australia,Wall Clock,18,7.54,135.72
INV-00278,1/12/2024 13:00,70744,USA,Table Lamp,7,81.12,567.84
INV-00925,2/8/2024 12:00,22181,Canada,Candle Holder,8,56.38,451.04
INV-00602,1/26/2024 1:00,29750,Canada,Wall Clock,11,40.34,443.74
INV-00440,1/19/2024 7:00,59127,United Kingdom,Notebook,5,60.9,304.5
INV-00838,2/4/2024 21:00,15942,Australia,Table Lamp,3,61.77,185.31
INV-00571,1/24/2024 18:00,80187,Australia,Flower Pot,12,58.58,702.96
INV-00880,2/6/2024 15:00,93446,Australia,Notebook,6,54.63,327.78
INV-00262,1/11/2024 21:00,12530,France,Cotton Towel,19,24.17,459.23
INV-00579,1/25/2024 2:00,11628,Germany,Wall Clock,4,71.2,284.8
INV-00024,1/1/2024 23:00,81197,Netherlands,Ceramic Mug,9,46.39,417.51
INV-00031,1/2/2024 6:00,93745,Germany,Flower Pot,2,28.22,56.44
INV-00618,1/26/2024 17:00,57207,France,Candle Holder,15,98.4,1476
INV-00011,1/1/2024 10:00,81508,Australia,Wall Clock,2,48.84,97.68
INV-00222,1/10/2024 5:00,43954,France,Wooden Frame,5,59.23,296.15
INV-00821,2/4/2024 4:00,67854,Spain,Travel Bag,17,90.77,1543.09
INV-00297,1/13/2024 8:00,41781,USA,Notebook,2,33.01,66.02
INV-00055,1/3/2024 6:00,59660,USA,Glass Vase,7,50.95,356.65
INV-00543,1/23/2024 14:00,44273,Canada,Travel Bag,9,60.68,546.12
INV-00210,1/9/2024 17:00,70310,Germany,Notebook,12,31.36,376.32
INV-00605,1/26/2024 4:00,90758,USA,Table Lamp,17,65.02,1105.34
INV-00693,1/29/2024 20:00,13881,Germany,Flower Pot,17,78.35,1331.95
INV-00663,1/28/2024 14:00,10374,Germany,Wooden Frame,5,78.07,390.35
INV-00867,2/6/2024 2:00,92927,France,Candle Holder,17,37.26,633.42
INV-00071,1/3/2024 22:00,72760,Australia,Wooden Frame,5,66.64,333.2
INV-00544,1/23/2024 15:00,89313,Spain,Glass Vase,8,75.46,603.68
INV-00108,1/5/2024 11:00,39509,France,Glass Vase,10,18.56,185.6
INV-00494,1/21/2024 13:00,28717,United Kingdom,Wooden Frame,5,38.64,193.2
INV-00591,1/25/2024 14:00,42981,Australia,Ceramic Mug,4,46.55,186.2
INV-00742,1/31/2024 21:00,65455,USA,Flower Pot,9,79.36,714.24
INV-00293,1/13/2024 4:00,41513,Australia,Wall Clock,4,46.28,185.12
INV-00290,1/13/2024 1:00,65327,Netherlands,Notebook,8,65.66,525.28
INV-00653,1/28/2024 4:00,90272,United Kingdom,Notebook,10,80.84,808.4
INV-00040,1/2/2024 15:00,21149,Germany,Ceramic Mug,19,33.11,629.09
INV-00590,1/25/2024 13:00,25784,Germany,Ceramic Mug,16,75.14,1202.24
INV-00308,1/13/2024 19:00,71205,USA,Cotton Towel,8,59.44,475.52
INV-00680,1/29/2024 7:00,30793,United Kingdom,Table Lamp,4,38.29,153.16
INV-00067,1/3/2024 18:00,92893,Spain,Travel Bag,13,96.83,1258.79
INV-00276,1/12/2024 11:00,16263,France,Wall Clock,11,90.69,997.59
INV-00068,1/3/2024 19:00,34239,United Kingdom,Glass Vase,9,94.91,854.19
INV-00319,1/14/2024 6:00,70029,France,Flower Pot,9,23.98,215.82
INV-00549,1/23/2024 20:00,74174,Canada,Flower Pot,12,84.6,1015.2
INV-00999,2/11/2024 14:00,51111,Germany,Cotton Towel,6,79.82,478.92
INV-00715,1/30/2024 18:00,40246,United Kingdom,Wall Clock,19,46.97,892.43
INV-00754,2/1/2024 9:00,40422,Canada,Travel Bag,13,79.75,1036.75
INV-00328,1/14/2024 15:00,69842,Canada,Ceramic Mug,14,69.49,972.86
INV-00383,1/16/2024 22:00,42719,Germany,Table Lamp,7,3.73,26.11
INV-00452,1/19/2024 19:00,51151,Australia,Cotton Towel,9,32.9,296.1
INV-00523,1/22/2024 18:00,31320,USA,Ceramic Mug,15,20.88,313.2
INV-00219,1/10/2024 2:00,47153,Canada,Ceramic Mug,2,6.45,12.9
INV-00788,2/2/2024 19:00,87097,USA,Glass Vase,12,23.02,276.24
INV-00437,1/19/2024 4:00,20539,Germany,Cotton Towel,16,16,256
INV-00765,2/1/2024 20:00,29882,Canada,Wooden Frame,12,19.15,229.8
INV-00089,1/4/2024 16:00,55669,France,Wall Clock,18,17.4,313.2
INV-00064,1/3/2024 15:00,69705,Netherlands,Cotton Towel,18,70.01,1260.18
INV-00827,2/4/2024 10:00,30660,Canada,Flower Pot,19,15.26,289.94
INV-00717,1/30/2024 20:00,27785,Australia,Ceramic Mug,17,83.71,1423.07
INV-00352,1/15/2024 15:00,35591,Spain,Ceramic Mug,14,80.13,1121.82
INV-00937,2/9/2024 0:00,19717,USA,Glass Vase,6,99.92,599.52
INV-00257,1/11/2024 16:00,40484,Spain,Cotton Towel,17,94.29,1602.93
INV-00636,1/27/2024 11:00,10007,Netherlands,Cotton Towel,7,28.03,196.21
INV-00645,1/27/2024 20:00,24811,Netherlands,Wall Clock,11,31.76,349.36
INV-00555,1/24/2024 2:00,15441,Australia,Notebook,19,22.29,423.51
INV-00960,2/9/2024 23:00,17157,Spain,Table Lamp,1,27,27
INV-00169,1/8/2024 0:00,28086,Netherlands,Candle Holder,12,15.54,186.48
INV-00918,2/8/2024 5:00,69276,United Kingdom,Notebook,3,66.28,198.84
INV-00529,1/23/2024 0:00,36905,Netherlands,Ceramic Mug,7,15.66,109.62
INV-00824,2/4/2024 7:00,19537,United Kingdom,Ceramic Mug,16,4.1,65.6
INV-00986,2/11/2024 1:00,82921,Spain,Cotton Towel,16,89.81,1436.96
INV-00817,2/4/2024 0:00,87217,Germany,Cotton Towel,7,91.15,638.05
INV-00087,1/4/2024 14:00,33966,United Kingdom,Flower Pot,7,81.43,570.01
INV-00433,1/19/2024 0:00,74893,Spain,Table Lamp,12,14.35,172.2
INV-00185,1/8/2024 16:00,27529,France,Glass Vase,18,39.53,711.54
INV-00979,2/10/2024 18:00,58771,Spain,Wall Clock,7,30.54,213.78
INV-00535,1/23/2024 6:00,67312,United Kingdom,Notebook,15,7.77,116.55
INV-00295,1/13/2024 6:00,71219,USA,Wall Clock,16,68.93,1102.88
INV-00893,2/7/2024 4:00,29862,USA,Table Lamp,20,45.57,911.4
INV-00426,1/18/2024 17:00,73568,Australia,Wall Clock,15,47.09,706.35
INV-00714,1/30/2024 17:00,64903,Australia,Cotton Towel,13,34.1,443.3
INV-00261,1/11/2024 20:00,50687,Germany,Wall Clock,8,83.1,664.8
INV-00238,1/10/2024 21:00,18664,Germany,Wall Clock,11,19.54,214.94
INV-00560,1/24/2024 7:00,46528,Canada,Flower Pot,16,59.85,957.6
INV-00584,1/25/2024 7:00,78735,Spain,Wall Clock,12,62.22,746.64
INV-00446,1/19/2024 13:00,94678,Germany,Cotton Towel,18,45.48,818.64
INV-00868,2/6/2024 3:00,63252,Netherlands,Table Lamp,9,40.22,361.98
INV-00801,2/3/2024 8:00,82625,Australia,Table Lamp,1,18.74,18.74
INV-00600,1/25/2024 23:00,76430,Germany,Travel Bag,15,12.66,189.9
INV-00850,2/5/2024 9:00,84979,USA,Ceramic Mug,16,93.81,1500.96
INV-00266,1/12/2024 1:00,37349,USA,Table Lamp,16,47.25,756
INV-00996,2/11/2024 11:00,66649,Australia,Table Lamp,12,68.57,822.84
INV-00530,1/23/2024 1:00,38880,Canada,Wooden Frame,7,78.35,548.45
INV-00056,1/3/2024 7:00,20107,Spain,Glass Vase,19,18.97,360.43
INV-00121,1/6/2024 0:00,88562,United Kingdom,Candle Holder,4,48.53,194.12
INV-00216,1/9/2024 23:00,32427,United Kingdom,Travel Bag,11,36.71,403.81
INV-00026,1/2/2024 1:00,52659,Canada,Ceramic Mug,6,50.99,305.94
INV-00073,1/4/2024 0:00,34880,Canada,Cotton Towel,19,83.85,1593.15
INV-00045,1/2/2024 20:00,24612,Germany,Wall Clock,15,32.57,488.55
INV-00248,1/11/2024 7:00,65073,USA,Wall Clock,2,54.74,109.48
INV-00722,1/31/2024 1:00,43367,USA,Candle Holder,14,41.02,574.28
INV-00282,1/12/2024 17:00,38070,Netherlands,Cotton Towel,18,22.48,404.64
INV-00894,2/7/2024 5:00,92286,Germany,Notebook,10,87.08,870.8
INV-00915,2/8/2024 2:00,73110,United Kingdom,Flower Pot,1,27.79,27.79
INV-00811,2/3/2024 18:00,88253,United Kingdom,Ceramic Mug,16,75.39,1206.24
INV-00245,1/11/2024 4:00,70410,Germany,Candle Holder,8,88.76,710.08
INV-00823,2/4/2024 6:00,15568,Netherlands,Cotton Towel,19,43.24,821.56
INV-00322,1/14/2024 9:00,88586,France,Notebook,19,41.74,793.06
INV-00644,1/27/2024 19:00,98381,United Kingdom,Wall Clock,10,2.97,29.7
INV-00159,1/7/2024 14:00,36965,Netherlands,Wall Clock,6,98.16,588.96
INV-00978,2/10/2024 17:00,28829,Netherlands,Flower Pot,10,58.47,584.7
INV-00430,1/18/2024 21:00,27247,Canada,Travel Bag,11,39.92,439.12
INV-00942,2/9/2024 5:00,16273,United Kingdom,Glass Vase,10,37.4,374
INV-00463,1/20/2024 6:00,42412,USA,Candle Holder,7,62.49,437.43
INV-00310,1/13/2024 21:00,89013,France,Candle Holder,17,86.87,1476.79
INV-00698,1/30/2024 1:00,55307,France,Wooden Frame,3,34.89,104.67
INV-00061,1/3/2024 12:00,15267,Canada,Ceramic Mug,15,1.3,19.5
INV-00885,2/6/2024 20:00,71264,France,Travel Bag,19,68.5,1301.5
INV-00596,1/25/2024 19:00,78200,USA,Wooden Frame,12,92.42,1109.04
INV-00768,2/1/2024 23:00,84147,Netherlands,Ceramic Mug,13,35.25,458.25
INV-00650,1/28/2024 1:00,90728,Canada,Ceramic Mug,7,86.97,608.79
INV-00651,1/28/2024 2:00,41402,Germany,Travel Bag,13,78.47,1020.11
INV-00866,2/6/2024 1:00,87278,Spain,Glass Vase,16,62.27,996.32
INV-00669,1/28/2024 20:00,47568,United Kingdom,Table Lamp,3,80.71,242.13
INV-00299,1/13/2024 10:00,41759,Netherlands,Table Lamp,6,96.58,579.48
INV-00690,1/29/2024 17:00,91269,Australia,Table Lamp,10,64.32,643.2
INV-00315,1/14/2024 2:00,79399,France,Wooden Frame,14,38.16,534.24
INV-00311,1/13/2024 22:00,61127,France,Wooden Frame,17,29.19,496.23
INV-00362,1/16/2024 1:00,96521,USA,Wall Clock,19,39.3,746.7
INV-00480,1/20/2024 23:00,36742,Netherlands,Cotton Towel,17,20.29,344.93
INV-00111,1/5/2024 14:00,64721,USA,Candle Holder,14,20,280
INV-00990,2/11/2024 5:00,91576,USA,Travel Bag,17,43.79,744.43
INV-00487,1/21/2024 6:00,20885,USA,Flower Pot,19,66.08,1255.52
INV-00364,1/16/2024 3:00,37298,USA,Wall Clock,20,5.69,113.8
INV-00255,1/11/2024 14:00,77048,Germany,Table Lamp,14,76.22,1067.08
INV-00260,1/11/2024 19:00,90433,France,Travel Bag,8,24.6,196.8
INV-00803,2/3/2024 10:00,69755,Netherlands,Notebook,2,86.62,173.24
INV-00678,1/29/2024 5:00,41266,Spain,Glass Vase,16,22.61,361.76
INV-00495,1/21/2024 14:00,87891,Australia,Glass Vase,18,13.17,237.06
INV-00671,1/28/2024 22:00,57254,France,Ceramic Mug,5,3.42,17.1
INV-00378,1/16/2024 17:00,33823,USA,Cotton Towel,20,61.93,1238.6
INV-00527,1/22/2024 22:00,12329,Australia,Table Lamp,12,45.32,543.84
INV-00846,2/5/2024 5:00,42363,France,Notebook,9,37.55,337.95
INV-00138,1/6/2024 17:00,89588,France,Cotton Towel,8,59.64,477.12
INV-00356,1/15/2024 19:00,33974,Canada,Candle Holder,16,58.2,931.2
INV-00366,1/16/2024 5:00,43733,Netherlands,Notebook,18,34.82,626.76
INV-00943,2/9/2024 6:00,14354,USA,Travel Bag,14,11.27,157.78
INV-00750,2/1/2024 5:00,17566,USA,Glass Vase,5,66.39,331.95
INV-00949,2/9/2024 12:00,16558,Netherlands,Cotton Towel,9,53.03,477.27
INV-00830,2/4/2024 13:00,97824,Netherlands,Wall Clock,20,54.82,1096.4
INV-00657,1/28/2024 8:00,71809,USA,Ceramic Mug,13,4.4,57.2
INV-00200,1/9/2024 7:00,13464,Canada,Travel Bag,7,44.67,312.69
INV-00214,1/9/2024 21:00,39238,United Kingdom,Travel Bag,9,40.21,361.89
INV-00409,1/18/2024 0:00,64094,Australia,Flower Pot,15,67,1005
INV-00333,1/14/2024 20:00,87993,Australia,Flower Pot,2,50.81,101.62
INV-00209,1/9/2024 16:00,78342,Australia,Travel Bag,20,62.17,1243.4
INV-00614,1/26/2024 13:00,89388,Germany,Travel Bag,12,52.19,626.28
INV-00079,1/4/2024 6:00,71749,Netherlands,Ceramic Mug,11,35.72,392.92
INV-00030,1/2/2024 5:00,93671,Australia,Table Lamp,12,78.74,944.88
INV-00536,1/23/2024 7:00,96063,Spain,Cotton Towel,9,82.88,745.92
INV-00696,1/29/2024 23:00,49317,Australia,Wooden Frame,3,44.67,134.01
INV-00558,1/24/2024 5:00,51114,Canada,Glass Vase,20,26.66,533.2
INV-00837,2/4/2024 20:00,12983,United Kingdom,Flower Pot,20,30.86,617.2
INV-00597,1/25/2024 20:00,56371,France,Candle Holder,20,88.17,1763.4
INV-00166,1/7/2024 21:00,87325,France,Ceramic Mug,2,39.81,79.62
INV-00919,2/8/2024 6:00,46413,USA,Candle Holder,9,71.26,641.34
INV-00496,1/21/2024 15:00,42328,Netherlands,Candle Holder,16,16.14,258.24
INV-00825,2/4/2024 8:00,45332,Australia,Wooden Frame,11,54.87,603.57
INV-00066,1/3/2024 17:00,22082,Australia,Ceramic Mug,15,1.22,18.3
INV-00142,1/6/2024 21:00,32113,Spain,Wall Clock,10,8.11,81.1
INV-00926,2/8/2024 13:00,56678,Spain,Ceramic Mug,5,70.42,352.1
INV-00828,2/4/2024 11:00,31392,Netherlands,Cotton Towel,5,41.18,205.9
INV-00656,1/28/2024 7:00,30895,United Kingdom,Candle Holder,5,84.27,421.35
INV-00332,1/14/2024 19:00,34225,Netherlands,Table Lamp,19,45.84,870.96
INV-00665,1/28/2024 16:00,73537,Germany,Glass Vase,10,65.48,654.8
INV-00250,1/11/2024 9:00,11451,Australia,Wooden Frame,10,71.33,713.3
INV-00908,2/7/2024 19:00,39028,Australia,Wooden Frame,14,56.02,784.28
INV-00709,1/30/2024 12:00,65189,Spain,Flower Pot,8,35.24,281.92
INV-00306,1/13/2024 17:00,26911,Australia,Wooden Frame,9,45.02,405.18
INV-00735,1/31/2024 14:00,18096,Germany,Table Lamp,17,2.23,37.91
INV-00976,2/10/2024 15:00,44401,USA,Cotton Towel,3,40.99,122.97
INV-00050,1/3/2024 1:00,14430,Germany,Travel Bag,9,2.15,19.35
INV-00897,2/7/2024 8:00,99587,Germany,Wall Clock,19,76.73,1457.87
INV-00003,1/1/2024 2:00,52546,United Kingdom,Notebook,1,77.1,77.1
INV-00545,1/23/2024 16:00,56183,USA,Wall Clock,5,28.26,141.3
INV-00351,1/15/2024 14:00,33691,France,Flower Pot,2,46.88,93.76
INV-00905,2/7/2024 16:00,84593,Spain,Travel Bag,1,57.44,57.44
INV-00537,1/23/2024 8:00,86058,USA,Travel Bag,16,51.05,816.8
INV-00345,1/15/2024 8:00,98087,Spain,Candle Holder,15,68.67,1030.05
INV-00995,2/11/2024 10:00,50346,Australia,Ceramic Mug,5,80.22,401.1
INV-00482,1/21/2024 1:00,51410,Australia,Glass Vase,19,30.85,586.15
INV-00576,1/24/2024 23:00,88512,Canada,Cotton Towel,16,31.22,499.52
INV-00034,1/2/2024 9:00,36565,Germany,Notebook,2,22.13,44.26
INV-00032,1/2/2024 7:00,75705,France,Candle Holder,3,74.21,222.63
INV-00232,1/10/2024 15:00,65406,USA,Table Lamp,1,62.57,62.57
INV-00964,2/10/2024 3:00,44067,Canada,Cotton Towel,19,43.33,823.27
INV-00193,1/9/2024 0:00,33381,United Kingdom,Table Lamp,9,55.94,503.46
INV-00334,1/14/2024 21:00,50511,Germany,Travel Bag,19,37,703
INV-00004,1/1/2024 3:00,55040,Germany,Glass Vase,4,41.54,166.16
INV-00205,1/9/2024 12:00,71909,France,Ceramic Mug,11,95.96,1055.56
INV-00515,1/22/2024 10:00,58342,Germany,Travel Bag,6,57.48,344.88
INV-00800,2/3/2024 7:00,89218,Germany,Table Lamp,7,12.63,88.41
INV-00307,1/13/2024 18:00,49931,Spain,Table Lamp,10,24.82,248.2
INV-00110,1/5/2024 13:00,21460,Australia,Ceramic Mug,6,16.12,96.72
INV-00431,1/18/2024 22:00,83997,Spain,Glass Vase,16,31.61,505.76
INV-00078,1/4/2024 5:00,74969,Australia,Flower Pot,14,33.42,467.88
INV-00085,1/4/2024 12:00,12223,Australia,Travel Bag,5,5.05,25.25
INV-00287,1/12/2024 22:00,61750,Netherlands,Notebook,7,91.13,637.91
INV-00083,1/4/2024 10:00,94500,Netherlands,Cotton Towel,3,20.83,62.49
INV-00992,2/11/2024 7:00,48575,Spain,Candle Holder,11,50.71,557.81
INV-00790,2/2/2024 21:00,40969,Canada,Notebook,1,29.7,29.7
INV-00895,2/7/2024 6:00,86243,USA,Ceramic Mug,12,70.84,850.08
INV-00399,1/17/2024 14:00,57010,France,Wall Clock,11,88.24,970.64
INV-00324,1/14/2024 11:00,95694,USA,Notebook,2,1.18,2.36
INV-00520,1/22/2024 15:00,52008,Spain,Notebook,18,52.54,945.72
INV-00917,2/8/2024 4:00,50421,France,Candle Holder,4,60.66,242.64
INV-00923,2/8/2024 10:00,45237,Spain,Table Lamp,15,34.89,523.35
INV-00006,1/1/2024 5:00,50143,United Kingdom,Wooden Frame,2,18.66,37.32
INV-00732,1/31/2024 11:00,70265,Canada,Wall Clock,12,27.32,327.84
INV-00466,1/20/2024 9:00,73578,Canada,Wall Clock,13,37.62,489.06
INV-00098,1/5/2024 1:00,42324,France,Flower Pot,2,79.46,158.92
INV-00267,1/12/2024 2:00,39692,Spain,Ceramic Mug,14,14.07,196.98
INV-00358,1/15/2024 21:00,36434,United Kingdom,Glass Vase,11,47.77,525.47
INV-00869,2/6/2024 4:00,54617,Spain,Cotton Towel,9,68.24,614.16
INV-00799,2/3/2024 6:00,63727,Germany,Notebook,5,90.4,452
INV-00381,1/16/2024 20:00,64752,United Kingdom,Flower Pot,5,35.59,177.95
INV-00632,1/27/2024 7:00,50538,Netherlands,Candle Holder,16,83.97,1343.52
INV-00382,1/16/2024 21:00,17561,Germany,Glass Vase,12,41.73,500.76
INV-00491,1/21/2024 10:00,27590,Spain,Notebook,16,36.52,584.32
INV-00119,1/5/2024 22:00,96921,USA,Flower Pot,7,42.23,295.61
INV-00901,2/7/2024 12:00,60326,Spain,Glass Vase,9,81.03,729.27
INV-00251,1/11/2024 10:00,88040,Spain,Travel Bag,15,42.87,643.05
INV-00524,1/22/2024 19:00,72155,Spain,Travel Bag,20,74.61,1492.2
INV-00010,1/1/2024 9:00,84875,USA,Wall Clock,8,31.75,254
INV-00197,1/9/2024 4:00,94185,Netherlands,Travel Bag,19,48.1,913.9
INV-00604,1/26/2024 3:00,86055,United Kingdom,Wall Clock,13,38.74,503.62
INV-00082,1/4/2024 9:00,29904,Netherlands,Flower Pot,5,21.9,109.5
INV-00784,2/2/2024 15:00,57995,Germany,Travel Bag,10,98.98,989.8
INV-00588,1/25/2024 11:00,30190,Canada,Ceramic Mug,11,26.57,292.27
INV-00798,2/3/2024 5:00,96347,Netherlands,Flower Pot,1,50.49,50.49
INV-00240,1/10/2024 23:00,10767,Netherlands,Candle Holder,15,59.5,892.5
INV-00291,1/13/2024 2:00,84766,Canada,Notebook,5,93.8,469
INV-00212,1/9/2024 19:00,55786,Germany,Notebook,5,9.8,49
INV-00718,1/30/2024 21:00,56452,Spain,Table Lamp,19,80.39,1527.41
INV-00360,1/15/2024 23:00,27987,France,Candle Holder,3,81.33,243.99
INV-00450,1/19/2024 17:00,88588,USA,Travel Bag,6,70.29,421.74
INV-00228,1/10/2024 11:00,59243,France,Candle Holder,1,83.81,83.81
INV-00951,2/9/2024 14:00,87840,France,Cotton Towel,19,91.18,1732.42
INV-00947,2/9/2024 10:00,98272,Canada,Wall Clock,15,34.21,513.15
INV-00797,2/3/2024 4:00,78463,Australia,Flower Pot,17,67.91,1154.47
INV-00502,1/21/2024 21:00,17577,France,Table Lamp,11,70.83,779.13
INV-00465,1/20/2024 8:00,21410,Canada,Travel Bag,18,88.29,1589.22
INV-00363,1/16/2024 2:00,76705,Canada,Notebook,7,59.93,419.51
INV-00469,1/20/2024 12:00,40838,United Kingdom,Wall Clock,8,71.15,569.2
INV-00936,2/8/2024 23:00,78411,Australia,Cotton Towel,8,72.04,576.32
INV-00429,1/18/2024 20:00,34928,Germany,Cotton Towel,6,50.66,303.96
INV-00008,1/1/2024 7:00,27000,Canada,Wall Clock,2,74.68,149.36
INV-00156,1/7/2024 11:00,65973,Canada,Notebook,1,32.11,32.11
INV-00542,1/23/2024 13:00,57249,France,Candle Holder,8,67.14,537.12
INV-00441,1/19/2024 8:00,62208,Australia,Candle Holder,3,80.61,241.83
INV-00483,1/21/2024 2:00,58884,Canada,Cotton Towel,15,49.86,747.9
INV-00423,1/18/2024 14:00,30347,United Kingdom,Table Lamp,2,29.16,58.32
INV-00779,2/2/2024 10:00,73358,Spain,Wooden Frame,11,70.85,779.35
INV-00950,2/9/2024 13:00,51698,Australia,Flower Pot,1,35.01,35.01
INV-00335,1/14/2024 22:00,13972,Spain,Table Lamp,3,76.78,230.34
INV-00577,1/25/2024 0:00,95397,Netherlands,Notebook,6,13.36,80.16
INV-00935,2/8/2024 22:00,59391,United Kingdom,Cotton Towel,9,65.63,590.67
INV-00568,1/24/2024 15:00,63928,Canada,Ceramic Mug,4,70.73,282.92
INV-00595,1/25/2024 18:00,59800,Canada,Ceramic Mug,11,75.51,830.61
INV-00531,1/23/2024 2:00,16540,Australia,Glass Vase,7,60.3,422.1
INV-00582,1/25/2024 5:00,80268,Netherlands,Table Lamp,8,53.31,426.48
INV-00708,1/30/2024 11:00,40904,Germany,Wooden Frame,15,25.64,384.6
INV-00449,1/19/2024 16:00,60323,Germany,Wooden Frame,5,77.04,385.2
INV-00454,1/19/2024 21:00,31557,USA,Glass Vase,14,97.02,1358.28
INV-00229,1/10/2024 12:00,25265,Netherlands,Flower Pot,18,91.49,1646.82
INV-00353,1/15/2024 16:00,35391,Spain,Glass Vase,18,75.65,1361.7
INV-00729,1/31/2024 8:00,43658,Canada,Flower Pot,2,89.02,178.04
INV-00213,1/9/2024 20:00,88065,Germany,Ceramic Mug,16,7.1,113.6
INV-00080,1/4/2024 7:00,18270,Spain,Cotton Towel,4,61.98,247.92
INV-00149,1/7/2024 4:00,74694,Australia,Glass Vase,10,33.49,334.9
INV-00303,1/13/2024 14:00,69508,France,Wall Clock,17,99.36,1689.12
INV-00629,1/27/2024 4:00,94649,Spain,Table Lamp,8,76.46,611.68
INV-00778,2/2/2024 9:00,26317,USA,Wooden Frame,11,3.06,33.66
INV-00507,1/22/2024 2:00,44041,Australia,Wooden Frame,12,96.06,1152.72
INV-00343,1/15/2024 6:00,78014,USA,Travel Bag,13,7.7,100.1
INV-00486,1/21/2024 5:00,43989,Spain,Glass Vase,10,87.94,879.4
INV-00712,1/30/2024 15:00,41900,Australia,Cotton Towel,8,50.77,406.16
INV-00134,1/6/2024 13:00,42109,France,Cotton Towel,5,31.44,157.2
INV-00704,1/30/2024 7:00,85854,Australia,Cotton Towel,10,37.88,378.8
INV-00312,1/13/2024 23:00,28935,Spain,Wooden Frame,18,14.63,263.34
INV-00723,1/31/2024 2:00,22247,Australia,Ceramic Mug,13,4.99,64.87
INV-00630,1/27/2024 5:00,54765,USA,Candle Holder,15,71.21,1068.15
INV-00001,1/1/2024 0:00,86282,France,Table Lamp,13,14.83,192.79
INV-00317,1/14/2024 4:00,34175,Canada,Flower Pot,16,79.28,1268.48
INV-00707,1/30/2024 10:00,41321,Australia,Wall Clock,10,2.38,23.8
INV-00548,1/23/2024 19:00,73714,Netherlands,Table Lamp,3,78.92,236.76
INV-00873,2/6/2024 8:00,54021,United Kingdom,Wooden Frame,16,92.92,1486.72
INV-00533,1/23/2024 4:00,93985,Germany,Candle Holder,15,7.43,111.45
INV-00478,1/20/2024 21:00,15543,Netherlands,Cotton Towel,12,50.98,611.76
INV-00405,1/17/2024 20:00,21678,Australia,Cotton Towel,16,84.96,1359.36
INV-00173,1/8/2024 4:00,90225,Australia,Wall Clock,5,5.62,28.1
INV-00126,1/6/2024 5:00,88851,Canada,Ceramic Mug,4,26.71,106.84
INV-00395,1/17/2024 10:00,53398,Australia,Candle Holder,1,38.78,38.78
INV-00421,1/18/2024 12:00,91724,France,Travel Bag,5,23.37,116.85
INV-00553,1/24/2024 0:00,84200,Spain,Cotton Towel,11,75.69,832.59
INV-00904,2/7/2024 15:00,77894,Australia,Cotton Towel,10,40.9,409
INV-00091,1/4/2024 18:00,22347,Australia,Wooden Frame,2,84,168
INV-00940,2/9/2024 3:00,93530,Canada,Cotton Towel,4,91.26,365.04
INV-00182,1/8/2024 13:00,46859,France,Notebook,17,56.54,961.18
INV-00275,1/12/2024 10:00,43483,Australia,Travel Bag,4,79.29,317.16
INV-00896,2/7/2024 7:00,37575,Spain,Wooden Frame,10,47.82,478.2
INV-00070,1/3/2024 21:00,41167,France,Flower Pot,20,88.31,1766.2
INV-00292,1/13/2024 3:00,62559,Canada,Notebook,3,18.15,54.45
INV-00132,1/6/2024 11:00,77611,France,Wall Clock,7,49.57,346.99
INV-00301,1/13/2024 12:00,89389,USA,Flower Pot,10,74.92,749.2
INV-00425,1/18/2024 16:00,15354,Netherlands,Glass Vase,16,64.2,1027.2
INV-00327,1/14/2024 14:00,72253,Netherlands,Flower Pot,12,5.13,61.56
INV-00145,1/7/2024 0:00,69458,United Kingdom,Flower Pot,9,38.86,349.74
INV-00424,1/18/2024 15:00,19650,Spain,Table Lamp,16,50.11,801.76
INV-00581,1/25/2024 4:00,48738,France,Notebook,11,36.67,403.37
INV-00136,1/6/2024 15:00,27932,Australia,Ceramic Mug,20,28.39,567.8
INV-00451,1/19/2024 18:00,22848,Spain,Travel Bag,17,50.61,860.37
INV-00165,1/7/2024 20:00,31301,Spain,Travel Bag,9,21.15,190.35
INV-00029,1/2/2024 4:00,98385,Australia,Cotton Towel,12,48.49,581.88
INV-00774,2/2/2024 5:00,28077,France,Wall Clock,18,56.02,1008.36
INV-00194,1/9/2024 1:00,27553,France,Wall Clock,5,54.48,272.4
INV-00389,1/17/2024 4:00,70460,France,Flower Pot,7,17.06,119.42
INV-00853,2/5/2024 12:00,66349,Australia,Ceramic Mug,18,83.55,1503.9
INV-00170,1/8/2024 1:00,68677,France,Flower Pot,6,38.43,230.58
INV-00706,1/30/2024 9:00,84831,Spain,Flower Pot,8,83.03,664.24
INV-00141,1/6/2024 20:00,23075,Netherlands,Glass Vase,17,30.19,513.23
INV-00174,1/8/2024 5:00,33913,Canada,Travel Bag,8,81.5,652
INV-00007,1/1/2024 6:00,26806,France,Candle Holder,13,41.57,540.41
INV-00746,2/1/2024 1:00,81504,Germany,Travel Bag,2,79.39,158.78
INV-00479,1/20/2024 22:00,59153,United Kingdom,Ceramic Mug,12,74.7,896.4
INV-00074,1/4/2024 1:00,86117,United Kingdom,Candle Holder,6,87.03,522.18
INV-00911,2/7/2024 22:00,82248,Netherlands,Notebook,15,62.68,940.2
INV-00814,2/3/2024 21:00,45787,United Kingdom,Wooden Frame,9,15.15,136.35
INV-00239,1/10/2024 22:00,34916,France,Wall Clock,7,15.98,111.86
INV-00146,1/7/2024 1:00,63305,USA,Notebook,19,1.03,19.57
INV-00793,2/3/2024 0:00,11587,United Kingdom,Wooden Frame,8,63.33,506.64
INV-00235,1/10/2024 18:00,64337,Canada,Candle Holder,2,53.81,107.62
INV-00221,1/10/2024 4:00,97994,Spain,Table Lamp,15,2.24,33.6
INV-00924,2/8/2024 11:00,89017,USA,Wooden Frame,6,2.97,17.82
INV-00501,1/21/2024 20:00,97521,France,Glass Vase,18,51.13,920.34
INV-00133,1/6/2024 12:00,62557,United Kingdom,Ceramic Mug,18,80.44,1447.92
INV-00991,2/11/2024 6:00,69441,Canada,Travel Bag,17,16.68,283.56
INV-00775,2/2/2024 6:00,49856,USA,Wall Clock,5,90.15,450.75
INV-00186,1/8/2024 17:00,38254,Germany,Wooden Frame,1,85.75,85.75
INV-00042,1/2/2024 17:00,39978,Spain,Glass Vase,9,33.86,304.74
INV-00697,1/30/2024 0:00,58288,USA,Ceramic Mug,5,74.02,370.1
INV-00109,1/5/2024 12:00,40527,Australia,Table Lamp,9,93.89,845.01
INV-00589,1/25/2024 12:00,29707,Spain,Table Lamp,13,18.26,237.38
INV-00057,1/3/2024 8:00,79900,USA,Table Lamp,15,49.98,749.7
INV-00406,1/17/2024 21:00,22471,Australia,Wall Clock,9,68.01,612.09
INV-00443,1/19/2024 10:00,91043,Netherlands,Glass Vase,1,34.79,34.79
INV-00758,2/1/2024 13:00,81315,France,Candle Holder,6,77.84,467.04
INV-00998,2/11/2024 13:00,22934,Canada,Wooden Frame,10,48.67,486.7
INV-00025,1/2/2024 0:00,55447,France,Notebook,2,28.87,57.74
INV-00468,1/20/2024 11:00,24398,USA,Glass Vase,6,26.66,159.96
INV-00540,1/23/2024 11:00,74012,Spain,Glass Vase,15,32.28,484.2
INV-00532,1/23/2024 3:00,26019,France,Notebook,18,90.68,1632.24
INV-00619,1/26/2024 18:00,18839,France,Travel Bag,20,19.93,398.6
INV-00695,1/29/2024 22:00,30038,Spain,Candle Holder,16,32.89,526.24
INV-00927,2/8/2024 14:00,61073,Spain,Table Lamp,17,61.98,1053.66
INV-00339,1/15/2024 2:00,92146,USA,Candle Holder,19,92.78,1762.82
INV-00052,1/3/2024 3:00,33269,Canada,Candle Holder,17,75.62,1285.54
INV-00508,1/22/2024 3:00,32123,Netherlands,Wall Clock,15,99.65,1494.75
INV-00517,1/22/2024 12:00,34982,USA,Wall Clock,7,53.35,373.45
INV-00921,2/8/2024 8:00,25645,United Kingdom,Ceramic Mug,9,16.29,146.61
INV-00782,2/2/2024 13:00,24247,USA,Candle Holder,5,87.94,439.7
INV-00265,1/12/2024 0:00,33728,Canada,Glass Vase,19,42.56,808.64
INV-00818,2/4/2024 1:00,26974,Spain,Cotton Towel,3,8.28,24.84
INV-00711,1/30/2024 14:00,81545,Netherlands,Glass Vase,17,25.03,425.51
INV-00683,1/29/2024 10:00,24167,France,Ceramic Mug,6,93.07,558.42
INV-00833,2/4/2024 16:00,36507,Canada,Candle Holder,11,87.52,962.72
INV-00519,1/22/2024 14:00,72148,Canada,Travel Bag,4,18.68,74.72
INV-00448,1/19/2024 15:00,48214,Netherlands,Wall Clock,2,50.19,100.38
INV-00019,1/1/2024 18:00,63740,Netherlands,Wall Clock,1,81.87,81.87
INV-00716,1/30/2024 19:00,76360,Australia,Notebook,7,65.78,460.46
INV-00484,1/21/2024 3:00,11516,Spain,Notebook,8,17.83,142.64
INV-00569,1/24/2024 16:00,40866,Netherlands,Candle Holder,16,68.08,1089.28
INV-00434,1/19/2024 1:00,42912,Spain,Candle Holder,2,34.93,69.86
INV-00368,1/16/2024 7:00,79660,Canada,Wooden Frame,11,70.59,776.49
INV-00084,1/4/2024 11:00,58496,Netherlands,Flower Pot,9,62.29,560.61
INV-00062,1/3/2024 13:00,22176,Canada,Candle Holder,4,46.99,187.96
INV-00639,1/27/2024 14:00,38749,Australia,Wooden Frame,5,60.52,302.6
INV-00273,1/12/2024 8:00,85374,Canada,Candle Holder,9,22.56,203.04
INV-00286,1/12/2024 21:00,24257,United Kingdom,Ceramic Mug,6,95.28,571.68
INV-00361,1/16/2024 0:00,88732,Canada,Candle Holder,20,61.88,1237.6
INV-00355,1/15/2024 18:00,52860,Germany,Wall Clock,3,36.72,110.16
INV-00457,1/20/2024 0:00,58387,France,Wooden Frame,7,18.09,126.63
INV-00279,1/12/2024 14:00,71940,USA,Wall Clock,4,58.6,234.4
INV-00013,1/1/2024 12:00,51528,Australia,Cotton Towel,13,39.42,512.46
INV-00183,1/8/2024 14:00,40530,France,Ceramic Mug,14,26.83,375.62
INV-00369,1/16/2024 8:00,30864,USA,Flower Pot,2,16.51,33.02
INV-00882,2/6/2024 17:00,53026,Australia,Travel Bag,15,96.4,1446
INV-00616,1/26/2024 15:00,54955,USA,Cotton Towel,17,17.42,296.14
INV-00224,1/10/2024 7:00,10705,USA,Cotton Towel,8,68.96,551.68
INV-00573,1/24/2024 20:00,39768,Canada,Notebook,1,19.45,19.45
INV-00971,2/10/2024 10:00,60465,Germany,Flower Pot,4,6.78,27.12
INV-00654,1/28/2024 5:00,81186,United Kingdom,Travel Bag,7,17.91,125.37
INV-00546,1/23/2024 17:00,12492,Spain,Wall Clock,15,19.56,293.4
INV-00583,1/25/2024 6:00,74642,Australia,Travel Bag,19,61.12,1161.28
INV-00634,1/27/2024 9:00,32252,France,Notebook,14,84.12,1177.68
INV-00177,1/8/2024 8:00,94926,Netherlands,Cotton Towel,5,12.34,61.7
INV-00666,1/28/2024 17:00,81493,USA,Flower Pot,19,5.26,99.94
INV-00674,1/29/2024 1:00,24318,Germany,Table Lamp,18,15.37,276.66
INV-00586,1/25/2024 9:00,62495,Australia,Candle Holder,7,72.02,504.14
INV-00874,2/6/2024 9:00,78508,Germany,Travel Bag,7,67.01,469.07
INV-00394,1/17/2024 9:00,50362,Netherlands,Cotton Towel,6,36.23,217.38
INV-00164,1/7/2024 19:00,66268,Netherlands,Wooden Frame,1,25.21,25.21
INV-00249,1/11/2024 8:00,64961,Netherlands,Notebook,10,6.26,62.6
INV-00635,1/27/2024 10:00,69223,Germany,Travel Bag,8,56.41,451.28
INV-00886,2/6/2024 21:00,12943,Germany,Wall Clock,14,39.4,551.6
INV-00670,1/28/2024 21:00,85812,Canada,Ceramic Mug,9,74.56,671.04
INV-00376,1/16/2024 15:00,60790,United Kingdom,Flower Pot,4,5.68,22.72
INV-00413,1/18/2024 4:00,21397,Netherlands,Wooden Frame,5,80.19,400.95
INV-00075,1/4/2024 2:00,89813,Netherlands,Cotton Towel,3,28.17,84.51
INV-00114,1/5/2024 17:00,33044,Netherlands,Candle Holder,1,7.55,7.55
INV-00599,1/25/2024 22:00,80751,Australia,Wall Clock,18,70.89,1276.02
INV-00962,2/10/2024 1:00,73341,Spain,Flower Pot,7,76.15,533.05
INV-00391,1/17/2024 6:00,82158,Australia,Table Lamp,15,78.42,1176.3
INV-00105,1/5/2024 8:00,95092,Canada,Table Lamp,1,2.35,2.35
INV-00115,1/5/2024 18:00,26396,Germany,Wooden Frame,13,95.63,1243.19
INV-00418,1/18/2024 9:00,98464,USA,Table Lamp,2,97.66,195.32
INV-00526,1/22/2024 21:00,41996,Canada,Cotton Towel,2,3.69,7.38
INV-00458,1/20/2024 1:00,40522,United Kingdom,Notebook,5,71.09,355.45
INV-00410,1/18/2024 1:00,60591,Netherlands,Wooden Frame,16,80.23,1283.68
INV-00093,1/4/2024 20:00,17674,Spain,Glass Vase,14,82.73,1158.22
INV-00931,2/8/2024 18:00,13908,Canada,Flower Pot,17,53.16,903.72
INV-00090,1/4/2024 17:00,30087,Canada,Wall Clock,7,94.62,662.34
INV-00337,1/15/2024 0:00,50693,United Kingdom,Wall Clock,13,57.07,741.91
INV-00989,2/11/2024 4:00,31682,Canada,Flower Pot,12,79.19,950.28
INV-00922,2/8/2024 9:00,11941,Germany,Notebook,4,96.64,386.56
INV-00934,2/8/2024 21:00,14686,France,Flower Pot,19,81.01,1539.19
INV-00606,1/26/2024 5:00,62539,Spain,Wooden Frame,3,93.83,281.49
INV-00594,1/25/2024 17:00,29429,Australia,Wall Clock,16,66.41,1062.56
INV-00612,1/26/2024 11:00,74023,Netherlands,Wooden Frame,10,69.67,696.7
INV-00095,1/4/2024 22:00,92388,USA,Wooden Frame,19,42.62,809.78
INV-00012,1/1/2024 11:00,49316,Germany,Table Lamp,11,79.39,873.29
INV-00397,1/17/2024 12:00,47115,United Kingdom,Notebook,17,94.06,1599.02
INV-00534,1/23/2024 5:00,21712,Germany,Candle Holder,14,84.14,1177.96
INV-00044,1/2/2024 19:00,80793,USA,Candle Holder,14,31.92,446.88
INV-00043,1/2/2024 18:00,22254,Spain,Glass Vase,3,85.43,256.29
INV-00330,1/14/2024 17:00,41102,Netherlands,Notebook,20,18.58,371.6
INV-00168,1/7/2024 23:00,13524,Canada,Candle Holder,1,33.07,33.07
INV-00498,1/21/2024 17:00,92430,Netherlands,Candle Holder,1,34.38,34.38
INV-00877,2/6/2024 12:00,77710,USA,Travel Bag,7,39.7,277.9
INV-00598,1/25/2024 21:00,60920,Germany,Travel Bag,5,67.59,337.95
INV-00757,2/1/2024 12:00,49556,Netherlands,Glass Vase,1,85.31,85.31
INV-00101,1/5/2024 4:00,18994,France,Glass Vase,13,50.51,656.63
INV-00427,1/18/2024 18:00,75726,France,Table Lamp,18,85.48,1538.64
INV-00179,1/8/2024 10:00,40431,Canada,Wooden Frame,2,88.02,176.04
INV-00445,1/19/2024 12:00,41324,USA,Cotton Towel,16,71.01,1136.16
INV-00417,1/18/2024 8:00,63017,Spain,Table Lamp,7,52.73,369.11
INV-00871,2/6/2024 6:00,90358,Canada,Flower Pot,3,77.65,232.95
INV-00883,2/6/2024 18:00,55558,Australia,Wall Clock,1,7.2,7.2
INV-00681,1/29/2024 8:00,14338,Germany,Glass Vase,6,93.12,558.72
INV-00178,1/8/2024 9:00,66661,Germany,Cotton Towel,11,16.78,184.58
INV-00396,1/17/2024 11:00,98552,Spain,Ceramic Mug,4,64.86,259.44
INV-00912,2/7/2024 23:00,88900,United Kingdom,Candle Holder,17,50.58,859.86
INV-00794,2/3/2024 1:00,76887,United Kingdom,Table Lamp,12,36.66,439.92
INV-00961,2/10/2024 0:00,82558,United Kingdom,Travel Bag,6,20.78,124.68
INV-00685,1/29/2024 12:00,81027,Canada,Wooden Frame,9,14.83,133.47
INV-00384,1/16/2024 23:00,89549,Canada,Wooden Frame,16,87.2,1395.2
INV-00957,2/9/2024 20:00,87190,USA,Cotton Towel,5,85.43,427.15
INV-00752,2/1/2024 7:00,25039,Canada,Wooden Frame,17,9.69,164.73
INV-00258,1/11/2024 17:00,40495,United Kingdom,Candle Holder,9,97.14,874.26
INV-00539,1/23/2024 10:00,35107,Germany,Candle Holder,14,96.29,1348.06
INV-00336,1/14/2024 23:00,70796,Spain,Travel Bag,12,25.14,301.68
INV-00016,1/1/2024 15:00,17930,Netherlands,Wooden Frame,8,66.71,533.68
INV-00325,1/14/2024 12:00,89223,Spain,Wooden Frame,19,65.99,1253.81
INV-00759,2/1/2024 14:00,75483,Spain,Candle Holder,14,44.15,618.1
INV-00223,1/10/2024 6:00,71582,France,Notebook,7,28.11,196.77
INV-00180,1/8/2024 11:00,85279,Australia,Notebook,7,76.07,532.49
INV-00984,2/10/2024 23:00,20918,Netherlands,Candle Holder,14,92.81,1299.34
INV-00023,1/1/2024 22:00,44335,Canada,Notebook,12,92.36,1108.32
INV-00357,1/15/2024 20:00,70603,United Kingdom,Travel Bag,19,53.99,1025.81
INV-00667,1/28/2024 18:00,31520,Canada,Flower Pot,20,37.99,759.8
INV-00862,2/5/2024 21:00,16349,Australia,Table Lamp,5,67.93,339.65
INV-00341,1/15/2024 4:00,20142,USA,Wooden Frame,5,80.85,404.25
INV-00432,1/18/2024 23:00,74232,Canada,Ceramic Mug,11,38.93,428.23
INV-00552,1/23/2024 23:00,89113,United Kingdom,Wooden Frame,2,26.04,52.08
INV-00834,2/4/2024 17:00,61719,Australia,Wooden Frame,12,13.34,160.08
INV-00204,1/9/2024 11:00,71111,France,Travel Bag,15,58.31,874.65
INV-00631,1/27/2024 6:00,39563,Australia,Notebook,17,93.48,1589.16
INV-00094,1/4/2024 21:00,57791,Spain,Table Lamp,17,20.58,349.86
INV-00559,1/24/2024 6:00,63786,Spain,Ceramic Mug,3,48.61,145.83
INV-00069,1/3/2024 20:00,64934,United Kingdom,Candle Holder,16,83.19,1331.04
INV-00623,1/26/2024 22:00,36510,Spain,Wall Clock,14,92.42,1293.88
INV-00285,1/12/2024 20:00,71462,Australia,Ceramic Mug,6,70.82,424.92
INV-00845,2/5/2024 4:00,96875,Spain,Glass Vase,7,77.04,539.28
INV-00435,1/19/2024 2:00,61689,Spain,Glass Vase,14,50.39,705.46
INV-00154,1/7/2024 9:00,62914,Germany,Travel Bag,5,38.78,193.9
INV-00076,1/4/2024 3:00,17315,Germany,Cotton Towel,13,31.97,415.61
INV-00731,1/31/2024 10:00,60568,Canada,Candle Holder,14,31.19,436.66
INV-00447,1/19/2024 14:00,58369,Australia,Wooden Frame,20,68.31,1366.2
INV-00189,1/8/2024 20:00,47750,France,Flower Pot,16,4.98,79.68
INV-00272,1/12/2024 7:00,54649,Australia,Wooden Frame,14,91.8,1285.2
INV-00237,1/10/2024 20:00,53006,France,Travel Bag,1,62.48,62.48
INV-00488,1/21/2024 7:00,67906,Germany,Travel Bag,6,39.49,236.94
INV-00118,1/5/2024 21:00,90311,Spain,Ceramic Mug,16,1.57,25.12
INV-00944,2/9/2024 7:00,59050,United Kingdom,Cotton Towel,17,68.36,1162.12
INV-00513,1/22/2024 8:00,38586,Australia,Wooden Frame,18,84.3,1517.4
INV-00826,2/4/2024 9:00,80517,Spain,Notebook,14,18.05,252.7
INV-00592,1/25/2024 15:00,72649,Germany,Wall Clock,9,14.48,130.32
INV-00127,1/6/2024 6:00,49106,Spain,Glass Vase,15,80.97,1214.55
INV-00117,1/5/2024 20:00,92995,France,Table Lamp,10,87.72,877.2
INV-00474,1/20/2024 17:00,38430,Australia,Glass Vase,15,97.35,1460.25
INV-00694,1/29/2024 21:00,70981,USA,Cotton Towel,6,73.43,440.58
INV-00058,1/3/2024 9:00,25150,Australia,Wooden Frame,14,22.94,321.16
INV-00864,2/5/2024 23:00,88082,USA,Cotton Towel,16,74.85,1197.6
INV-00913,2/8/2024 0:00,23452,Australia,Wooden Frame,9,85.16,766.44
INV-00370,1/16/2024 9:00,81034,France,Glass Vase,20,98.8,1976
INV-00269,1/12/2024 4:00,45783,Australia,Cotton Towel,5,98.04,490.2
INV-00047,1/2/2024 22:00,50850,Netherlands,Table Lamp,11,80.18,881.98
INV-00350,1/15/2024 13:00,50689,France,Travel Bag,16,27.81,444.96
INV-00196,1/9/2024 3:00,59704,Germany,Table Lamp,20,28.2,564
INV-01000,2/11/2024 15:00,77781,Australia,Ceramic Mug,8,36.35,290.8
INV-00835,2/4/2024 18:00,18815,USA,Flower Pot,7,47.26,330.82
INV-00737,1/31/2024 16:00,43753,France,Wall Clock,16,66.45,1063.2
INV-00264,1/11/2024 23:00,54382,Australia,Notebook,11,28.87,317.57
INV-00444,1/19/2024 11:00,31684,USA,Travel Bag,19,59.71,1134.49
INV-00676,1/29/2024 3:00,54228,France,Wooden Frame,3,41.01,123.03
INV-00305,1/13/2024 16:00,92631,Germany,Wall Clock,12,16.95,203.4
INV-00342,1/15/2024 5:00,26745,Netherlands,Cotton Towel,15,1.56,23.4
INV-00967,2/10/2024 6:00,56736,Australia,Cotton Towel,8,94.64,757.12
INV-00150,1/7/2024 5:00,84784,USA,Notebook,9,92.28,830.52
INV-00125,1/6/2024 4:00,96367,United Kingdom,Notebook,16,70.91,1134.56
INV-00787,2/2/2024 18:00,18923,France,Travel Bag,1,25.75,25.75
INV-00051,1/3/2024 2:00,42864,Australia,Candle Holder,12,43.24,518.88
INV-00354,1/15/2024 17:00,25934,Spain,Travel Bag,8,61.41,491.28
INV-00928,2/8/2024 15:00,47452,France,Wooden Frame,13,30.77,400.01
INV-00143,1/6/2024 22:00,22359,Australia,Notebook,1,41.54,41.54
INV-00471,1/20/2024 14:00,14436,France,Table Lamp,2,35.26,70.52
INV-00400,1/17/2024 15:00,69611,Netherlands,Cotton Towel,19,42.59,809.21
INV-00626,1/27/2024 1:00,84794,Spain,Cotton Towel,7,86.68,606.76
INV-00321,1/14/2024 8:00,45319,Germany,Notebook,17,28.05,476.85
INV-00020,1/1/2024 19:00,93728,USA,Wall Clock,16,87.93,1406.88
INV-00810,2/3/2024 17:00,94088,Netherlands,Wall Clock,1,32.2,32.2
INV-00791,2/2/2024 22:00,10402,Canada,Cotton Towel,9,31.62,284.58
INV-00809,2/3/2024 16:00,38674,Germany,Table Lamp,17,30.97,526.49
INV-00408,1/17/2024 23:00,86628,USA,Ceramic Mug,9,40.73,366.57
INV-00538,1/23/2024 9:00,73217,United Kingdom,Glass Vase,19,46.82,889.58
INV-00621,1/26/2024 20:00,89487,Germany,Flower Pot,3,87.41,262.23
INV-00039,1/2/2024 14:00,36107,Spain,Table Lamp,11,45.52,500.72
INV-00176,1/8/2024 7:00,91859,Spain,Notebook,6,45.16,270.96
INV-00246,1/11/2024 5:00,70346,Germany,Notebook,9,88.58,797.22
INV-00829,2/4/2024 12:00,94531,United Kingdom,Candle Holder,12,85.24,1022.88
INV-00668,1/28/2024 19:00,35189,France,Candle Holder,13,63.13,820.69
INV-00755,2/1/2024 10:00,39585,Spain,Wooden Frame,14,39.9,558.6
INV-00859,2/5/2024 18:00,71935,France,Glass Vase,4,98.36,393.44
INV-00155,1/7/2024 10:00,10960,Netherlands,Wooden Frame,19,26.56,504.64
INV-00288,1/12/2024 23:00,58241,Australia,Notebook,20,51.07,1021.4
INV-00603,1/26/2024 2:00,59541,USA,Glass Vase,5,85.61,428.05
INV-00570,1/24/2024 17:00,67255,Canada,Notebook,2,73.99,147.98
INV-00744,1/31/2024 23:00,29002,Canada,Candle Holder,19,87.09,1654.71
INV-00018,1/1/2024 17:00,43391,United Kingdom,Table Lamp,12,25.46,305.52
INV-00128,1/6/2024 7:00,66235,USA,Ceramic Mug,15,70.78,1061.7
INV-00323,1/14/2024 10:00,27326,Netherlands,Cotton Towel,16,82.22,1315.52
INV-00256,1/11/2024 15:00,95195,Germany,Flower Pot,5,2.67,13.35
INV-00658,1/28/2024 9:00,66681,France,Wooden Frame,13,76.18,990.34
INV-00965,2/10/2024 4:00,72720,United Kingdom,Cotton Towel,10,60.03,600.3
INV-00191,1/8/2024 22:00,84648,France,Wooden Frame,19,36.47,692.93
INV-00116,1/5/2024 19:00,63359,Germany,Notebook,17,10.48,178.16
INV-00617,1/26/2024 16:00,74544,Australia,Wooden Frame,1,44.38,44.38
INV-00607,1/26/2024 6:00,89872,Netherlands,Notebook,4,57.29,229.16
INV-00181,1/8/2024 12:00,23914,France,Notebook,17,35.5,603.5
INV-00302,1/13/2024 13:00,27076,Canada,Ceramic Mug,10,27.21,272.1
INV-00760,2/1/2024 15:00,65181,Netherlands,Cotton Towel,11,20.21,222.31
INV-00713,1/30/2024 16:00,16836,United Kingdom,Candle Holder,13,23.05,299.65
INV-00724,1/31/2024 3:00,47589,Netherlands,Flower Pot,14,67.58,946.12
INV-00686,1/29/2024 13:00,40116,Canada,Ceramic Mug,3,9.4,28.2
INV-00980,2/10/2024 19:00,39868,USA,Travel Bag,16,33.32,533.12
INV-00518,1/22/2024 13:00,89679,Netherlands,Wall Clock,3,80.34,241.02
INV-00985,2/11/2024 0:00,22080,United Kingdom,Table Lamp,2,10.03,20.06
INV-00046,1/2/2024 21:00,91795,Germany,Flower Pot,20,25.44,508.8
INV-00910,2/7/2024 21:00,22813,United Kingdom,Wooden Frame,4,51.26,205.04
INV-00158,1/7/2024 13:00,20986,Spain,Candle Holder,9,27.55,247.95
INV-00852,2/5/2024 11:00,35504,Spain,Cotton Towel,20,70.87,1417.4
INV-00172,1/8/2024 3:00,97228,Netherlands,Notebook,10,47.53,475.3
INV-00017,1/1/2024 16:00,92290,France,Wall Clock,2,22.26,44.52
INV-00512,1/22/2024 7:00,27557,France,Ceramic Mug,7,64.93,454.51
INV-00049,1/3/2024 0:00,30787,Australia,Glass Vase,6,41.01,246.06
INV-00972,2/10/2024 11:00,75770,Netherlands,Wooden Frame,20,66.62,1332.4
INV-00941,2/9/2024 4:00,64987,USA,Flower Pot,13,15.07,195.91
INV-00516,1/22/2024 11:00,11953,Canada,Candle Holder,4,34.68,138.72
INV-00953,2/9/2024 16:00,78857,USA,Cotton Towel,2,8.77,17.54
INV-00481,1/21/2024 0:00,16264,Canada,Glass Vase,1,85.01,85.01
INV-00284,1/12/2024 19:00,68279,USA,Wooden Frame,9,54.45,490.05
INV-00719,1/30/2024 22:00,19908,United Kingdom,Flower Pot,16,26.59,425.44
INV-00878,2/6/2024 13:00,49925,Spain,Candle Holder,11,57.19,629.09
INV-00226,1/10/2024 9:00,42660,Canada,Flower Pot,13,60.62,788.06
INV-00027,1/2/2024 2:00,47909,United Kingdom,Table Lamp,19,14.7,279.3
INV-00955,2/9/2024 18:00,35579,Canada,Notebook,3,4.72,14.16
INV-00438,1/19/2024 5:00,58741,Spain,Wall Clock,1,92.91,92.91
INV-00952,2/9/2024 15:00,46955,Australia,Ceramic Mug,10,26.36,263.6
INV-00365,1/16/2024 4:00,26557,Australia,Travel Bag,7,80.67,564.69
INV-00230,1/10/2024 13:00,66736,Spain,Notebook,15,9.93,148.95
INV-00038,1/2/2024 13:00,95718,Germany,Ceramic Mug,3,53.04,159.12
INV-00966,2/10/2024 5:00,29026,France,Glass Vase,16,56.18,898.88
INV-00375,1/16/2024 14:00,82133,USA,Flower Pot,2,81.13,162.26
INV-00470,1/20/2024 13:00,46777,France,Wooden Frame,16,11.18,178.88
INV-00968,2/10/2024 7:00,51617,Germany,Travel Bag,13,66.88,869.44
INV-00851,2/5/2024 10:00,55963,Canada,Travel Bag,6,45.03,270.18
INV-00705,1/30/2024 8:00,78297,Germany,Flower Pot,19,51.47,977.93
INV-00842,2/5/2024 1:00,65914,Netherlands,Candle Holder,11,88.3,971.3
INV-00195,1/9/2024 2:00,10384,Germany,Travel Bag,12,23.4,280.8
INV-00855,2/5/2024 14:00,14229,Germany,Ceramic Mug,8,13.17,105.36
INV-00865,2/6/2024 0:00,35896,Netherlands,Table Lamp,10,71.13,711.3
INV-00504,1/21/2024 23:00,10495,Australia,Wooden Frame,10,17.49,174.9
INV-00970,2/10/2024 9:00,34701,USA,Flower Pot,7,40.83,285.81
INV-00831,2/4/2024 14:00,60578,USA,Flower Pot,5,19.78,98.9
INV-00580,1/25/2024 3:00,27405,France,Cotton Towel,6,87.91,527.46
INV-00969,2/10/2024 8:00,32038,USA,Wall Clock,13,76.18,990.34
INV-00163,1/7/2024 18:00,77916,USA,Glass Vase,5,22.67,113.35
INV-00909,2/7/2024 20:00,57685,United Kingdom,Candle Holder,17,23.47,398.99
INV-00153,1/7/2024 8:00,24900,Netherlands,Glass Vase,19,64.23,1220.37
INV-00802,2/3/2024 9:00,69854,Canada,Wooden Frame,9,9.4,84.6
INV-00994,2/11/2024 9:00,80868,USA,Wall Clock,9,60.42,543.78
INV-00756,2/1/2024 11:00,23589,France,Travel Bag,11,14.55,160.05
INV-00112,1/5/2024 15:00,79876,Canada,Travel Bag,7,5.95,41.65
INV-00227,1/10/2024 10:00,73473,Spain,Travel Bag,18,93.75,1687.5
INV-00689,1/29/2024 16:00,27585,Germany,Glass Vase,11,52.73,580.03
INV-00104,1/5/2024 7:00,96440,United Kingdom,Candle Holder,6,94.73,568.38
INV-00422,1/18/2024 13:00,10783,Netherlands,Flower Pot,15,3.34,50.1
INV-00420,1/18/2024 11:00,89574,USA,Travel Bag,3,64.48,193.44
INV-00751,2/1/2024 6:00,60799,Spain,Travel Bag,7,22.65,158.55
INV-00587,1/25/2024 10:00,49352,USA,Cotton Towel,8,44.68,357.44
INV-00781,2/2/2024 12:00,60128,Germany,Candle Holder,9,65.49,589.41
INV-00673,1/29/2024 0:00,69395,France,Ceramic Mug,18,46.83,842.94
INV-00120,1/5/2024 23:00,32129,United Kingdom,Table Lamp,2,78.89,157.78
INV-00054,1/3/2024 5:00,65325,Canada,Table Lamp,1,61.22,61.22
INV-00152,1/7/2024 7:00,72621,Australia,Ceramic Mug,3,53.67,161.01
INV-00404,1/17/2024 19:00,24066,Spain,Flower Pot,1,7.97,7.97
INV-00946,2/9/2024 9:00,93466,Spain,Cotton Towel,2,89.76,179.52
INV-00208,1/9/2024 15:00,29308,USA,Glass Vase,1,71.54,71.54
INV-00659,1/28/2024 10:00,61027,Germany,Notebook,5,39.05,195.25
INV-00844,2/5/2024 3:00,62454,Spain,Table Lamp,17,35.93,610.81
INV-00763,2/1/2024 18:00,62811,Spain,Glass Vase,12,40.82,489.84
INV-00009,1/1/2024 8:00,80920,Spain,Notebook,15,33.2,498
INV-00808,2/3/2024 15:00,89048,Netherlands,Notebook,4,49.4,197.6
INV-00037,1/2/2024 12:00,71022,Australia,Travel Bag,19,3.25,61.75
INV-00453,1/19/2024 20:00,74909,Germany,Flower Pot,5,34.01,170.05
INV-00652,1/28/2024 3:00,92210,France,Glass Vase,2,41.28,82.56
INV-00254,1/11/2024 13:00,51611,France,Flower Pot,7,85.06,595.42
INV-00304,1/13/2024 15:00,26520,USA,Glass Vase,5,23.69,118.45
INV-00747,2/1/2024 2:00,71445,Spain,Candle Holder,10,85.19,851.9
INV-00572,1/24/2024 19:00,92847,Germany,Travel Bag,3,56.86,170.58
INV-00624,1/26/2024 23:00,76159,USA,Notebook,7,81.48,570.36
INV-00733,1/31/2024 12:00,83937,Canada,Cotton Towel,5,8.86,44.3
INV-00892,2/7/2024 3:00,74943,USA,Wooden Frame,4,92.74,370.96
INV-00263,1/11/2024 22:00,44983,Netherlands,Ceramic Mug,17,6.6,112.2
INV-00611,1/26/2024 10:00,10552,Germany,Wooden Frame,15,53.34,800.1
INV-00298,1/13/2024 9:00,77559,United Kingdom,Flower Pot,15,16.55,248.25
INV-00415,1/18/2024 6:00,89557,Germany,Glass Vase,17,79.36,1349.12
INV-00151,1/7/2024 6:00,46015,USA,Wooden Frame,8,62.79,502.32
INV-00789,2/2/2024 20:00,58914,Germany,Glass Vase,13,59.09,768.17
INV-00641,1/27/2024 16:00,52014,France,Travel Bag,3,4.45,13.35
INV-00890,2/7/2024 1:00,62662,United Kingdom,Candle Holder,8,41.23,329.84
INV-00551,1/23/2024 22:00,56893,France,Flower Pot,5,71.55,357.75
INV-00887,2/6/2024 22:00,99721,USA,Notebook,20,36.36,727.2
INV-00489,1/21/2024 8:00,37021,United Kingdom,Candle Holder,17,37.34,634.78
INV-00148,1/7/2024 3:00,91646,France,Travel Bag,17,47.85,813.45
INV-00147,1/7/2024 2:00,72667,Spain,Wooden Frame,1,49.83,49.83
INV-00721,1/31/2024 0:00,92154,Netherlands,Flower Pot,15,82.29,1234.35
INV-00932,2/8/2024 19:00,95788,Netherlands,Cotton Towel,20,61.42,1228.4
INV-00740,1/31/2024 19:00,99252,Canada,Flower Pot,14,65.46,916.44
INV-00660,1/28/2024 11:00,82934,Netherlands,Notebook,11,17.9,196.9
INV-00349,1/15/2024 12:00,30880,Australia,Travel Bag,9,17.63,158.67
INV-00464,1/20/2024 7:00,76116,United Kingdom,Cotton Towel,9,72.55,652.95
INV-00326,1/14/2024 13:00,61426,Australia,Notebook,5,94.78,473.9
INV-00187,1/8/2024 18:00,32292,Netherlands,Ceramic Mug,2,83.44,166.88
INV-00124,1/6/2024 3:00,90477,Netherlands,Wall Clock,18,82.84,1491.12
INV-00854,2/5/2024 13:00,57983,Netherlands,Candle Holder,16,17.98,287.68
INV-00609,1/26/2024 8:00,55620,Canada,Flower Pot,17,40.9,695.3
INV-00144,1/6/2024 23:00,36177,Netherlands,Wall Clock,9,19.89,179.01
INV-00959,2/9/2024 22:00,12709,France,Travel Bag,16,83.83,1341.28
INV-00198,1/9/2024 5:00,29161,Germany,Wall Clock,9,82.01,738.09
INV-00610,1/26/2024 9:00,51931,USA,Flower Pot,15,84.58,1268.7
INV-00280,1/12/2024 15:00,19999,Australia,Ceramic Mug,13,24.33,316.29
INV-00294,1/13/2024 5:00,60082,Germany,Candle Holder,2,84.57,169.14
INV-00401,1/17/2024 16:00,49704,United Kingdom,Candle Holder,3,98.68,296.04
INV-00123,1/6/2024 2:00,79987,United Kingdom,Notebook,6,7.13,42.78
INV-00184,1/8/2024 15:00,70905,Spain,Ceramic Mug,13,45.95,597.35
INV-00203,1/9/2024 10:00,21634,USA,Cotton Towel,9,92.14,829.26
INV-00439,1/19/2024 6:00,71470,Canada,Notebook,15,46.24,693.6
INV-00247,1/11/2024 6:00,39974,Spain,Cotton Towel,3,9.35,28.05
INV-00416,1/18/2024 7:00,53761,France,Flower Pot,6,23.47,140.82
INV-00933,2/8/2024 20:00,59470,United Kingdom,Wooden Frame,14,85.41,1195.74
INV-00766,2/1/2024 21:00,54771,Spain,Flower Pot,11,1.61,17.71
INV-00907,2/7/2024 18:00,86634,Germany,Ceramic Mug,5,58.79,293.95
INV-00836,2/4/2024 19:00,46780,USA,Glass Vase,18,16.75,301.5
INV-00888,2/6/2024 23:00,13474,France,Ceramic Mug,14,96.77,1354.78
INV-00130,1/6/2024 9:00,38963,USA,Ceramic Mug,10,36.9,369
INV-00638,1/27/2024 13:00,38722,Canada,Glass Vase,1,5.64,5.64
INV-00403,1/17/2024 18:00,17295,Netherlands,Candle Holder,16,44.78,716.48
INV-00785,2/2/2024 16:00,29382,Spain,Ceramic Mug,5,12.55,62.75
INV-00771,2/2/2024 2:00,74519,United Kingdom,Table Lamp,14,93.72,1312.08
INV-00736,1/31/2024 15:00,62088,Canada,Glass Vase,19,7.02,133.38
INV-00914,2/8/2024 1:00,60615,Canada,Cotton Towel,12,59.92,719.04
INV-00220,1/10/2024 3:00,54187,Germany,Cotton Towel,3,42.26,126.78
INV-00642,1/27/2024 17:00,19504,Spain,Candle Holder,13,51.03,663.39
INV-00916,2/8/2024 3:00,34336,Canada,Candle Holder,12,70.11,841.32
INV-00753,2/1/2024 8:00,36811,Germany,Cotton Towel,2,79.91,159.82
INV-00807,2/3/2024 14:00,68305,USA,Ceramic Mug,20,8.3,166
INV-00920,2/8/2024 7:00,43044,United Kingdom,Ceramic Mug,12,10.43,125.16
INV-00625,1/27/2024 0:00,83171,Spain,Ceramic Mug,13,34.89,453.57
INV-00875,2/6/2024 10:00,36242,Germany,Wooden Frame,16,10.14,162.24
INV-00761,2/1/2024 16:00,46376,Netherlands,Table Lamp,4,74.88,299.52
INV-00387,1/17/2024 2:00,42826,Germany,Flower Pot,15,29.68,445.2
INV-00973,2/10/2024 12:00,98603,Canada,Glass Vase,17,3.25,55.25
INV-00510,1/22/2024 5:00,59171,Canada,Flower Pot,9,8.46,76.14
INV-00268,1/12/2024 3:00,82254,Australia,Ceramic Mug,12,72.26,867.12
INV-00820,2/4/2024 3:00,53076,Germany,Notebook,1,34.66,34.66
INV-00442,1/19/2024 9:00,79140,France,Cotton Towel,6,96.77,580.62
INV-00497,1/21/2024 16:00,32412,Spain,Candle Holder,13,16.42,213.46
INV-00113,1/5/2024 16:00,28516,Australia,Notebook,18,76.91,1384.38
INV-00692,1/29/2024 19:00,29936,Spain,Cotton Towel,15,64.95,974.25
INV-00233,1/10/2024 16:00,31265,Germany,Cotton Towel,16,49.11,785.76
INV-00870,2/6/2024 5:00,34746,Canada,Wooden Frame,3,36.49,109.47
INV-00608,1/26/2024 7:00,21702,Netherlands,Wall Clock,2,17.55,35.1
INV-00672,1/28/2024 23:00,91621,United Kingdom,Notebook,13,20.36,264.68
INV-00374,1/16/2024 13:00,63595,Australia,Wall Clock,4,90.65,362.6
INV-00982,2/10/2024 21:00,16252,Australia,Ceramic Mug,5,4.74,23.7
INV-00843,2/5/2024 2:00,64122,Canada,Notebook,14,72.26,1011.64
INV-00234,1/10/2024 17:00,15636,USA,Flower Pot,8,33.93,271.44
INV-00786,2/2/2024 17:00,17010,Spain,Glass Vase,10,89.65,896.5
INV-00677,1/29/2024 4:00,81933,France,Notebook,10,23.12,231.2
INV-00318,1/14/2024 5:00,12087,United Kingdom,Travel Bag,8,18.16,145.28
INV-00649,1/28/2024 0:00,34800,Australia,Travel Bag,7,55.85,390.95
INV-00411,1/18/2024 2:00,96869,Australia,Wall Clock,16,88.33,1413.28
INV-00899,2/7/2024 10:00,68664,Spain,Table Lamp,4,6.49,25.96
INV-00710,1/30/2024 13:00,54924,Spain,Cotton Towel,1,10.94,10.94
INV-00359,1/15/2024 22:00,64341,Germany,Travel Bag,4,7.02,28.08
INV-00259,1/11/2024 18:00,72357,Germany,Notebook,9,85.15,766.35
INV-00745,2/1/2024 0:00,51439,Netherlands,Glass Vase,11,76.82,845.02
INV-00628,1/27/2024 3:00,53749,Spain,Glass Vase,11,62.37,686.07
INV-00633,1/27/2024 8:00,67486,Spain,Wooden Frame,19,86.47,1642.93
INV-00283,1/12/2024 18:00,30583,Germany,Wooden Frame,19,20.15,382.85
INV-00377,1/16/2024 16:00,72693,USA,Cotton Towel,19,28.25,536.75
INV-00385,1/17/2024 0:00,40021,Australia,Travel Bag,13,68.71,893.23
INV-00225,1/10/2024 8:00,96712,USA,Notebook,16,2.29,36.64
INV-00954,2/9/2024 17:00,85433,Spain,Wooden Frame,5,85.87,429.35
INV-00815,2/3/2024 22:00,93640,Germany,Flower Pot,9,51.21,460.89
INV-00473,1/20/2024 16:00,44599,Germany,Candle Holder,6,5.25,31.5
INV-00348,1/15/2024 11:00,16670,France,Notebook,5,27.65,138.25
INV-00506,1/22/2024 1:00,52529,Australia,Wooden Frame,17,40.85,694.45
INV-00640,1/27/2024 15:00,12463,USA,Wall Clock,17,26.88,456.96
INV-00988,2/11/2024 3:00,14628,Canada,Notebook,14,67.14,939.96
INV-00929,2/8/2024 16:00,61266,Germany,Wall Clock,20,38.01,760.2
INV-00906,2/7/2024 17:00,75422,Canada,Wooden Frame,14,98.98,1385.72
INV-00620,1/26/2024 19:00,78869,Australia,Cotton Towel,11,82.96,912.56
INV-00856,2/5/2024 15:00,56813,Spain,Cotton Towel,13,19.32,251.16
INV-00804,2/3/2024 11:00,34523,France,Wall Clock,6,63.36,380.16
INV-00646,1/27/2024 21:00,51251,Netherlands,Notebook,4,57.32,229.28
INV-00847,2/5/2024 6:00,80811,Netherlands,Wooden Frame,8,29.45,235.6
INV-00557,1/24/2024 4:00,59350,Spain,Candle Holder,17,60.14,1022.38
INV-00958,2/9/2024 21:00,91770,Spain,Wall Clock,18,7.29,131.22
INV-00578,1/25/2024 1:00,53488,United Kingdom,Notebook,4,40.52,162.08
INV-00796,2/3/2024 3:00,26186,Germany,Wall Clock,1,98.54,98.54
INV-00086,1/4/2024 13:00,55002,Netherlands,Wall Clock,17,83.54,1420.18
INV-00243,1/11/2024 2:00,87397,France,Candle Holder,8,97.62,780.96
INV-00699,1/30/2024 2:00,20161,Australia,Glass Vase,15,57.79,866.85
INV-00160,1/7/2024 15:00,49394,Canada,Candle Holder,12,13.11,157.32
INV-00525,1/22/2024 20:00,19210,USA,Cotton Towel,9,57.71,519.39
INV-00036,1/2/2024 11:00,19736,Germany,Cotton Towel,1,64.93,64.93
INV-00541,1/23/2024 12:00,53156,United Kingdom,Cotton Towel,1,60.91,60.91
INV-00171,1/8/2024 2:00,45575,USA,Glass Vase,6,61.96,371.76
INV-00655,1/28/2024 6:00,91586,Germany,Glass Vase,19,44.58,847.02
INV-00891,2/7/2024 2:00,91997,United Kingdom,Glass Vase,19,59.09,1122.71
INV-00858,2/5/2024 17:00,34473,Canada,Wall Clock,4,40.67,162.68
INV-00848,2/5/2024 7:00,35912,Canada,Flower Pot,9,76.84,691.56
INV-00945,2/9/2024 8:00,93970,Canada,Wooden Frame,13,8.31,108.03
INV-00734,1/31/2024 13:00,55237,USA,Wooden Frame,11,29.48,324.28
INV-00096,1/4/2024 23:00,92431,United Kingdom,Ceramic Mug,14,52.11,729.54
INV-00564,1/24/2024 11:00,90812,United Kingdom,Glass Vase,2,23.4,46.8
INV-00241,1/11/2024 0:00,32385,Germany,Flower Pot,16,28.33,453.28
INV-00743,1/31/2024 22:00,29179,USA,Travel Bag,7,71.6,501.2
INV-00575,1/24/2024 22:00,30806,Spain,Wooden Frame,3,37.63,112.89
INV-00691,1/29/2024 18:00,61527,France,Wall Clock,19,97.37,1850.03
INV-00461,1/20/2024 4:00,66455,United Kingdom,Glass Vase,11,22.23,244.53
INV-00554,1/24/2024 1:00,84321,Spain,Candle Holder,12,94.31,1131.72
INV-00889,2/7/2024 0:00,27792,Australia,Flower Pot,13,28.12,365.56
INV-00207,1/9/2024 14:00,28842,Germany,Notebook,18,58.03,1044.54
INV-00393,1/17/2024 8:00,36607,Canada,Glass Vase,12,62.94,755.28
INV-00795,2/3/2024 2:00,42098,Netherlands,Flower Pot,13,28.22,366.86
INV-00398,1/17/2024 13:00,27770,Netherlands,Travel Bag,7,51.53,360.71
INV-00767,2/1/2024 22:00,63710,Spain,Glass Vase,14,29.83,417.62
INV-00849,2/5/2024 8:00,53498,Netherlands,Notebook,6,31.45,188.7
INV-00218,1/10/2024 1:00,77908,Australia,Table Lamp,8,31.69,253.52
INV-00005,1/1/2024 4:00,15427,Germany,Glass Vase,13,77.76,1010.88
INV-00769,2/2/2024 0:00,87065,USA,Wooden Frame,7,42.16,295.12
INV-00643,1/27/2024 18:00,19825,USA,Ceramic Mug,7,6.19,43.33
INV-00930,2/8/2024 17:00,68808,Spain,Candle Holder,19,89.35,1697.65
INV-00613,1/26/2024 12:00,80191,United Kingdom,Travel Bag,9,23.72,213.48
INV-00739,1/31/2024 18:00,91231,United Kingdom,Table Lamp,19,19.36,367.84
INV-00547,1/23/2024 18:00,78962,Canada,Wooden Frame,20,80.3,1606
INV-00726,1/31/2024 5:00,77361,Canada,Wooden Frame,20,92.58,1851.6
INV-00684,1/29/2024 11:00,62752,USA,Ceramic Mug,12,61.17,734.04
INV-00099,1/5/2024 2:00,69885,Spain,Travel Bag,10,95.97,959.7
INV-00805,2/3/2024 12:00,57002,United Kingdom,Travel Bag,12,7.16,85.92
INV-00728,1/31/2024 7:00,45718,Germany,Cotton Towel,18,11.36,204.48
INV-00574,1/24/2024 21:00,37783,Netherlands,Wall Clock,14,56.85,795.9
INV-00407,1/17/2024 22:00,30255,USA,Travel Bag,11,25.69,282.59
INV-00503,1/21/2024 22:00,92564,Canada,Wooden Frame,6,54.66,327.96
INV-00048,1/2/2024 23:00,55471,USA,Cotton Towel,13,29.7,386.1
INV-00033,1/2/2024 8:00,55290,France,Wall Clock,16,47.96,767.36
INV-00780,2/2/2024 11:00,96513,Germany,Glass Vase,5,41.74,208.7
INV-00840,2/4/2024 23:00,17101,Australia,Flower Pot,19,46.41,881.79
INV-00201,1/9/2024 8:00,29044,Australia,Wall Clock,9,18.28,164.52
INV-00135,1/6/2024 14:00,60340,Spain,Wooden Frame,6,52.43,314.58
INV-00028,1/2/2024 3:00,77032,Spain,Table Lamp,14,62.02,868.28
INV-00881,2/6/2024 16:00,64254,Germany,Notebook,17,91.26,1551.42
INV-00231,1/10/2024 14:00,11250,Netherlands,Flower Pot,7,91.85,642.95
INV-00490,1/21/2024 9:00,53157,France,Cotton Towel,16,85.65,1370.4
INV-00773,2/2/2024 4:00,43308,Spain,Table Lamp,2,9.65,19.3
INV-00379,1/16/2024 18:00,99908,Germany,Flower Pot,9,51.72,465.48
INV-00289,1/13/2024 0:00,12603,Germany,Cotton Towel,11,18.94,208.34
INV-00419,1/18/2024 10:00,33411,United Kingdom,Glass Vase,8,90.04,720.32
INV-00675,1/29/2024 2:00,98516,France,Table Lamp,11,16.19,178.09
INV-00392,1/17/2024 7:00,25551,Netherlands,Wall Clock,20,94.96,1899.2
INV-00593,1/25/2024 16:00,82927,Canada,Travel Bag,9,97.35,876.15
INV-00499,1/21/2024 18:00,58915,Netherlands,Candle Holder,8,21.45,171.6
INV-00139,1/6/2024 18:00,90981,Spain,Glass Vase,18,81.56,1468.08
INV-00063,1/3/2024 14:00,78099,Germany,Table Lamp,17,44.19,751.23
INV-00472,1/20/2024 15:00,73546,Germany,Table Lamp,15,4.79,71.85
INV-00648,1/27/2024 23:00,22463,France,Glass Vase,14,43.54,609.56
INV-00129,1/6/2024 8:00,95443,USA,Flower Pot,12,39.74,476.88
INV-00977,2/10/2024 16:00,13100,Netherlands,Glass Vase,14,52.01,728.14
INV-00521,1/22/2024 16:00,75595,Canada,Glass Vase,10,86.52,865.2
INV-00839,2/4/2024 22:00,89971,Netherlands,Ceramic Mug,9,52.91,476.19
INV-00963,2/10/2024 2:00,45063,United Kingdom,Travel Bag,9,30.69,276.21
INV-00065,1/3/2024 16:00,49938,Germany,Notebook,10,46.15,461.5
INV-00813,2/3/2024 20:00,80718,Germany,Wall Clock,6,78.57,471.42
INV-00015,1/1/2024 14:00,82555,Canada,Candle Holder,6,37.16,222.96
INV-00157,1/7/2024 12:00,77676,Netherlands,Ceramic Mug,6,60.38,362.28
INV-00041,1/2/2024 16:00,72455,Netherlands,Flower Pot,9,83.38,750.42
INV-00493,1/21/2024 12:00,90143,Australia,Cotton Towel,5,57.82,289.1
INV-00380,1/16/2024 19:00,14628,Australia,Candle Holder,16,38.43,614.88
INV-00188,1/8/2024 19:00,90989,Australia,Candle Holder,19,76.82,1459.58
INV-00764,2/1/2024 19:00,31537,Canada,Glass Vase,16,98.88,1582.08
INV-00217,1/10/2024 0:00,82170,Netherlands,Wooden Frame,1,57.01,57.01
INV-00792,2/2/2024 23:00,51090,Netherlands,Ceramic Mug,17,19.03,323.51
INV-00053,1/3/2024 4:00,68890,France,Glass Vase,19,9.31,176.89
INV-00879,2/6/2024 14:00,28321,United Kingdom,Candle Holder,14,18.85,263.9
INV-00338,1/15/2024 1:00,60027,United Kingdom,Candle Holder,19,64.5,1225.5
INV-00749,2/1/2024 4:00,52284,Spain,Flower Pot,10,78.16,781.6
INV-00720,1/30/2024 23:00,38666,Canada,Cotton Towel,15,19.43,291.45
INV-00725,1/31/2024 4:00,32381,Netherlands,Wooden Frame,1,19.17,19.17
INV-00296,1/13/2024 7:00,89409,France,Notebook,8,72.27,578.16
INV-00702,1/30/2024 5:00,13156,Spain,Cotton Towel,8,60.57,484.56
INV-00252,1/11/2024 11:00,44272,France,Wall Clock,4,59.94,239.76
INV-00727,1/31/2024 6:00,21883,USA,Flower Pot,15,66.12,991.8
INV-00462,1/20/2024 5:00,85875,Australia,Cotton Towel,3,42.52,127.56
INV-00456,1/19/2024 23:00,89244,France,Wall Clock,4,86.96,347.84
INV-00997,2/11/2024 12:00,56007,Australia,Candle Holder,5,72.12,360.6
INV-00816,2/3/2024 23:00,24857,Canada,Glass Vase,9,76.01,684.09
INV-00863,2/5/2024 22:00,75746,United Kingdom,Cotton Towel,9,16.28,146.52
INV-00270,1/12/2024 5:00,61262,Australia,Travel Bag,17,2.75,46.75
INV-00202,1/9/2024 9:00,21861,Australia,Flower Pot,18,66.68,1200.24
INV-00162,1/7/2024 17:00,27346,Canada,Table Lamp,17,21.98,373.66
INV-00556,1/24/2024 3:00,92191,France,Travel Bag,19,15.42,292.98
INV-00730,1/31/2024 9:00,22549,Netherlands,Wooden Frame,15,45.39,680.85
INV-00402,1/17/2024 17:00,74064,Canada,Candle Holder,17,32.62,554.54
INV-00703,1/30/2024 6:00,57545,Netherlands,Notebook,3,88.11,264.33
INV-00477,1/20/2024 20:00,55882,Netherlands,Travel Bag,5,10.97,54.85
INV-00822,2/4/2024 5:00,35824,Canada,Flower Pot,13,61.18,795.34
INV-00772,2/2/2024 3:00,62286,Germany,Table Lamp,6,92.61,555.66
INV-00106,1/5/2024 9:00,98893,Spain,Travel Bag,11,1.59,17.49
INV-00566,1/24/2024 13:00,86020,Spain,Wooden Frame,17,18.62,316.54
INV-00390,1/17/2024 5:00,34703,Netherlands,Wooden Frame,7,39,273
INV-00002,1/1/2024 1:00,57984,France,Wooden Frame,6,98.14,588.84
INV-00938,2/9/2024 1:00,58811,Australia,Travel Bag,2,85.77,171.54
INV-00983,2/10/2024 22:00,18818,Spain,Notebook,4,24.98,99.92
INV-00562,1/24/2024 9:00,20831,United Kingdom,Notebook,18,24.53,441.54
INV-00081,1/4/2024 8:00,63673,France,Glass Vase,16,92.67,1482.72
INV-00206,1/9/2024 13:00,49587,Spain,Travel Bag,9,45.02,405.18
INV-00035,1/2/2024 10:00,42977,Netherlands,Glass Vase,7,17.4,121.8
INV-00776,2/2/2024 7:00,80331,USA,Flower Pot,8,10.65,85.2
INV-00509,1/22/2024 4:00,77175,Canada,Wall Clock,14,65.14,911.96
INV-00428,1/18/2024 19:00,99643,United Kingdom,Glass Vase,9,80.23,722.07
INV-00455,1/19/2024 22:00,83924,Canada,Travel Bag,13,75.59,982.67
INV-00367,1/16/2024 6:00,14009,United Kingdom,Wall Clock,14,79.88,1118.32
INV-00092,1/4/2024 19:00,44834,Australia,Notebook,17,41.1,698.7
INV-00340,1/15/2024 3:00,51541,United Kingdom,Ceramic Mug,5,82.74,413.7
INV-00898,2/7/2024 9:00,72243,USA,Notebook,14,48.17,674.38
INV-00565,1/24/2024 12:00,22572,Australia,Notebook,1,77.55,77.55
INV-00346,1/15/2024 9:00,48762,Canada,Wooden Frame,17,39.11,664.87
INV-00777,2/2/2024 8:00,88660,France,Wall Clock,12,91.88,1102.56
INV-00242,1/11/2024 1:00,63780,USA,Notebook,18,77.82,1400.76
INV-00014,1/1/2024 13:00,41684,France,Wooden Frame,10,84.81,848.1
INV-00316,1/14/2024 3:00,46151,France,Ceramic Mug,8,96.35,770.8
INV-00601,1/26/2024 0:00,21673,Netherlands,Flower Pot,10,51.59,515.9
INV-00388,1/17/2024 3:00,36399,United Kingdom,Flower Pot,9,26.13,235.17
INV-00274,1/12/2024 9:00,64713,USA,Table Lamp,12,96.04,1152.48
INV-00167,1/7/2024 22:00,60019,United Kingdom,Table Lamp,8,9.47,75.76
INV-00841,2/5/2024 0:00,54365,USA,Wall Clock,13,79.76,1036.88
INV-00993,2/11/2024 8:00,54491,Australia,Flower Pot,2,20.93,41.86
INV-00647,1/27/2024 22:00,85176,Australia,Wooden Frame,8,37.31,298.48
INV-00819,2/4/2024 2:00,59659,France,Flower Pot,2,53.11,106.22
INV-00485,1/21/2024 4:00,44824,Germany,Glass Vase,15,72.97,1094.55
INV-00981,2/10/2024 20:00,14311,Spain,Cotton Towel,11,83.95,923.45
INV-00505,1/22/2024 0:00,98632,Canada,Wooden Frame,18,58.01,1044.18
INV-00832,2/4/2024 15:00,41456,Germany,Candle Holder,9,42.47,382.23
INV-00244,1/11/2024 3:00,30812,Canada,Wooden Frame,6,20.44,122.64
INV-00567,1/24/2024 14:00,70261,United Kingdom,Table Lamp,19,48.16,915.04
INV-00876,2/6/2024 11:00,36345,United Kingdom,Notebook,9,62.27,560.43
INV-00563,1/24/2024 10:00,99201,Germany,Wooden Frame,1,64.2,64.2
INV-00687,1/29/2024 14:00,77912,Netherlands,Travel Bag,20,28.72,574.4
INV-00190,1/8/2024 21:00,85883,United Kingdom,Ceramic Mug,11,28.09,308.99
INV-00783,2/2/2024 14:00,75788,United Kingdom,Ceramic Mug,16,3.19,51.04
INV-00700,1/30/2024 3:00,79795,Netherlands,Notebook,12,56.57,678.84
INV-00476,1/20/2024 19:00,32913,France,Table Lamp,16,95.61,1529.76
INV-00682,1/29/2024 9:00,18521,Australia,Glass Vase,4,51.64,206.56
INV-00511,1/22/2024 6:00,97584,United Kingdom,Glass Vase,5,12.11,60.55
INV-00059,1/3/2024 10:00,11899,Spain,Notebook,2,32.18,64.36
INV-00475,1/20/2024 18:00,90478,Netherlands,Table Lamp,11,33.48,368.28
INV-00561,1/24/2024 8:00,94350,United Kingdom,Travel Bag,3,60.59,181.77
INV-00857,2/5/2024 16:00,12421,Spain,Glass Vase,3,80.76,242.28
INV-00748,2/1/2024 3:00,44351,United Kingdom,Notebook,1,53.96,53.96
INV-00253,1/11/2024 12:00,21191,Germany,Flower Pot,16,34.25,548
INV-00022,1/1/2024 21:00,25829,Spain,Glass Vase,18,38.17,687.06
INV-00314,1/14/2024 1:00,10358,Australia,Ceramic Mug,14,70.7,989.8
INV-00460,1/20/2024 3:00,78294,Canada,Table Lamp,12,64.05,768.6
INV-00161,1/7/2024 16:00,17200,USA,Travel Bag,16,94.49,1511.84
INV-00277,1/12/2024 12:00,44325,Canada,Wooden Frame,3,41.19,123.57
INV-00956,2/9/2024 19:00,29875,Canada,Candle Holder,2,14.67,29.34
INV-00192,1/8/2024 23:00,15695,USA,Table Lamp,1,34.97,34.97
INV-00386,1/17/2024 1:00,44724,Canada,Candle Holder,2,71.96,143.92
INV-00806,2/3/2024 13:00,38336,Netherlands,Candle Holder,9,25.76,231.84
INV-00414,1/18/2024 5:00,53175,Germany,Notebook,17,54.88,932.96
INV-00492,1/21/2024 11:00,36344,Australia,Notebook,10,55.03,550.3
INV-00344,1/15/2024 7:00,16086,United Kingdom,Travel Bag,17,88.02,1496.34
INV-00770,2/2/2024 1:00,17153,Spain,Ceramic Mug,14,6.13,85.82
INV-00309,1/13/2024 20:00,63039,Canada,Glass Vase,8,83.54,668.32
INV-00662,1/28/2024 13:00,92968,Germany,Flower Pot,17,68.2,1159.4
INV-00131,1/6/2024 10:00,50482,Canada,Flower Pot,6,36.11,216.66
INV-00664,1/28/2024 15:00,33307,France,Cotton Towel,11,18.4,202.4
INV-00872,2/6/2024 7:00,33426,Netherlands,Travel Bag,4,2.69,10.76
INV-00100,1/5/2024 3:00,65993,Australia,Candle Holder,3,16.21,48.63
INV-00373,1/16/2024 12:00,22707,France,Flower Pot,2,14.52,29.04
INV-00088,1/4/2024 15:00,27508,USA,Glass Vase,12,58.41,700.92
INV-00459,1/20/2024 2:00,27248,United Kingdom,Table Lamp,1,92.93,92.93
INV-00331,1/14/2024 18:00,70774,USA,Wooden Frame,1,66.55,66.55
INV-00215,1/9/2024 22:00,62034,Australia,Wooden Frame,17,26.48,450.16
INV-00467,1/20/2024 10:00,39870,France,Notebook,5,69.4,347
INV-00122,1/6/2024 1:00,54410,USA,Flower Pot,18,80.18,1443.24
INV-00615,1/26/2024 14:00,90619,Netherlands,Table Lamp,12,60.05,720.6
INV-00021,1/1/2024 20:00,97301,Germany,Travel Bag,18,25.74,463.32
INV-00701,1/30/2024 4:00,22009,Canada,Travel Bag,5,58.28,291.4
INV-00072,1/3/2024 23:00,90850,USA,Cotton Towel,11,76.77,844.47
INV-00107,1/5/2024 10:00,75143,Australia,Candle Holder,10,16.08,160.8
INV-00271,1/12/2024 6:00,39399,United Kingdom,Flower Pot,19,15.44,293.36
INV-00861,2/5/2024 20:00,34491,Spain,Table Lamp,2,76.67,153.34
INV-00436,1/19/2024 3:00,74635,United Kingdom,Wooden Frame,9,43.48,391.32
INV-00103,1/5/2024 6:00,19350,Canada,Table Lamp,4,2.8,11.2
